X,Y,Z,Anomaly
854539.6838368422,988304.0624842106,2505.933415421579,-8.004319345127294
854440.4733105263,988512.4835368422,2533.9549806284213,-8.199818281030849
855333.3680473685,988199.8519578947,2505.933415421579,-8.52134621235253
854341.2627842106,987730.9045894737,2702.0843718694737,-7.17873530809809
854043.6312052632,988512.4835368422,2421.868719801053,-7.157104305150784
854638.8943631579,987939.3256421053,2674.062806662632,-8.76848126721464
854440.4733105263,987783.0098526316,2618.0196762489477,-7.780854432855712
854440.4733105263,987939.3256421053,2730.105937076316,-8.12839604125531
854638.8943631579,988460.3782736842,2533.9549806284213,-8.785332984261371
854539.6838368422,988512.4835368422,2618.0196762489477,-9.55978492587279
854738.1048894738,988199.8519578947,2618.0196762489477,-9.402075429406812
854341.2627842106,987991.4309052632,2702.0843718694737,-8.11096078707928
854837.3154157895,987939.3256421053,2505.933415421579,-7.604977741123822
854936.5259421053,987939.3256421053,2533.9549806284213,-8.057977102289838
854738.1048894738,987574.5888,2561.976545835263,-6.550118786704759
855432.5785736842,988304.0624842106,2561.976545835263,-8.976216116090116
854043.6312052632,988199.8519578947,2449.890285007895,-7.348829098263074
854539.6838368422,988356.1677473685,2674.062806662632,-9.197365471244312
855234.1575210526,988251.9572210526,2505.933415421579,-8.509409309787733
853944.4206789475,987626.6940631579,2337.8040241805265,-4.791790557008683
854936.5259421053,987678.7993263159,2618.0196762489477,-7.306777663013921
854638.8943631579,988147.7466947369,2477.911850214737,-7.546820790459136
854936.5259421053,987887.2203789474,2589.9981110421054,-8.290755426474853
854638.8943631579,987991.4309052632,2730.105937076316,-8.462091098998155
854242.0522578948,988460.3782736842,2477.911850214737,-7.734045908845505
854341.2627842106,987626.6940631579,2702.0843718694737,-6.4066700795965925
854440.4733105263,988043.536168421,2758.127502283158,-8.35839868975876
854440.4733105263,987574.5888,2646.0412414557895,-6.165596715414497
854341.2627842106,988304.0624842106,2589.9981110421054,-8.609795896266181
854837.3154157895,988460.3782736842,2505.933415421579,-8.460267370839304
854242.0522578948,987939.3256421053,2618.0196762489477,-7.921347050631259
854738.1048894738,988199.8519578947,2449.890285007895,-7.201944867868206
854638.8943631579,987835.1151157895,2561.976545835263,-7.787130868065953
854837.3154157895,987991.4309052632,2730.105937076316,-8.353388196763238
853944.4206789475,988251.9572210526,2421.868719801053,-7.03500815023726
854341.2627842106,987991.4309052632,2589.9981110421054,-7.846545771968579
854936.5259421053,988043.536168421,2646.0412414557895,-9.428857751861925
854738.1048894738,988095.641431579,2449.890285007895,-7.1762549329198695
854539.6838368422,988043.536168421,2505.933415421579,-7.48227668055968
853944.4206789475,988408.2730105263,2421.868719801053,-7.302169632087844
855134.9469947369,987783.0098526316,2589.9981110421054,-8.098923721978922
854440.4733105263,988199.8519578947,2421.868719801053,-6.81980646507173
854638.8943631579,988043.536168421,2702.0843718694737,-8.850105434950187
854539.6838368422,987783.0098526316,2393.8471545942107,-6.270802265961532
854440.4733105263,987991.4309052632,2421.868719801053,-6.6561702433483285
854539.6838368422,988251.9572210526,2561.976545835263,-8.532014306035355
854539.6838368422,987626.6940631579,2505.933415421579,-6.507912101341815
855234.1575210526,988304.0624842106,2533.9549806284213,-8.75902799132789
855134.9469947369,988251.9572210526,2674.062806662632,-9.097547087920024
854142.841731579,987678.7993263159,2561.976545835263,-6.323008299092268
855134.9469947369,987887.2203789474,2561.976545835263,-8.617225108019932
855234.1575210526,987991.4309052632,2505.933415421579,-8.118242876288154
854341.2627842106,988095.641431579,2393.8471545942107,-6.206379146620776
855234.1575210526,988304.0624842106,2561.976545835263,-8.983193663822682
854539.6838368422,987678.7993263159,2561.976545835263,-7.501242608840674
854242.0522578948,987626.6940631579,2505.933415421579,-6.198458932117393
854341.2627842106,987574.5888,2674.062806662632,-6.302648391326556
855035.7364684211,987991.4309052632,2505.933415421579,-7.925515086242518
854638.8943631579,988408.2730105263,2646.0412414557895,-9.68289835353837
854936.5259421053,988043.536168421,2505.933415421579,-7.786429883248319
854738.1048894738,988304.0624842106,2449.890285007895,-7.501925027489011
854638.8943631579,988356.1677473685,2477.911850214737,-7.803251960624517
854341.2627842106,987574.5888,2477.911850214737,-5.944787890793423
853745.9996263159,988095.641431579,2393.8471545942107,-6.130089649802245
854440.4733105263,988304.0624842106,2646.0412414557895,-8.975160220331658
854638.8943631579,988147.7466947369,2618.0196762489477,-9.144812180135819
854242.0522578948,987626.6940631579,2618.0196762489477,-6.545257793702842
854837.3154157895,987574.5888,2561.976545835263,-6.521303343018801
854341.2627842106,988043.536168421,2421.868719801053,-6.769961323626593
854837.3154157895,988251.9572210526,2561.976545835263,-8.864846532896179
855234.1575210526,987730.9045894737,2505.933415421579,-7.416546236518896
854837.3154157895,988147.7466947369,2646.0412414557895,-9.231069225535824
853745.9996263159,987574.5888,2281.7608937668424,-3.759800598172321
854341.2627842106,988147.7466947369,2589.9981110421054,-8.143412200017215
853845.2101526316,987678.7993263159,2281.7608937668424,-4.231307690328751
854539.6838368422,987783.0098526316,2449.890285007895,-7.0694924947180455
854936.5259421053,987835.1151157895,2561.976545835263,-8.087438550278444
854738.1048894738,987730.9045894737,2674.062806662632,-7.424132190395341
854738.1048894738,987835.1151157895,2505.933415421579,-7.263765085460809
854242.0522578948,987678.7993263159,2337.8040241805265,-5.290571564108507
854539.6838368422,987730.9045894737,2730.105937076316,-7.497119181049528
855234.1575210526,987887.2203789474,2505.933415421579,-7.948783292316723
854142.841731579,987991.4309052632,2533.9549806284213,-7.232786639287359
855234.1575210526,987678.7993263159,2533.9549806284213,-7.138003458039095
854440.4733105263,988251.9572210526,2505.933415421579,-7.9164865525696575
854242.0522578948,988251.9572210526,2393.8471545942107,-6.412699839745109
854638.8943631579,988251.9572210526,2561.976545835263,-8.70084739338232
853845.2101526316,988147.7466947369,2421.868719801053,-6.864217810132234
854440.4733105263,987939.3256421053,2393.8471545942107,-6.301352865472257
853944.4206789475,987887.2203789474,2449.890285007895,-7.00559870015563
854738.1048894738,987939.3256421053,2449.890285007895,-6.966976968694357
855134.9469947369,987835.1151157895,2589.9981110421054,-8.421933975632033
854142.841731579,987835.1151157895,2449.890285007895,-6.920847293283498
854341.2627842106,988095.641431579,2449.890285007895,-7.224527430635857
854440.4733105263,988199.8519578947,2589.9981110421054,-8.754776050326782
854341.2627842106,987991.4309052632,2421.868719801053,-6.495316858804965
854936.5259421053,987783.0098526316,2646.0412414557895,-7.757905616052851
854440.4733105263,987626.6940631579,2646.0412414557895,-6.810035294492858
854738.1048894738,988460.3782736842,2646.0412414557895,-9.432514989635331
853944.4206789475,987991.4309052632,2533.9549806284213,-6.997200043412258
854341.2627842106,988564.5888,2533.9549806284213,-8.125006861744437
854440.4733105263,987626.6940631579,2393.8471545942107,-5.6255232756078435
854638.8943631579,987783.0098526316,2421.868719801053,-6.546238842168253
854936.5259421053,988147.7466947369,2646.0412414557895,-9.585453190345227
854341.2627842106,988356.1677473685,2589.9981110421054,-8.419233581959308
854043.6312052632,987887.2203789474,2533.9549806284213,-7.086971428825173
854936.5259421053,988095.641431579,2477.911850214737,-7.678361154065228
854341.2627842106,987574.5888,2646.0412414557895,-6.282293612601968
854242.0522578948,988095.641431579,2674.062806662632,-8.227165484709964
854440.4733105263,988356.1677473685,2533.9549806284213,-8.20450639947459
853646.7891,987939.3256421053,2309.7824589736842,-4.346623019815054
854936.5259421053,988043.536168421,2618.0196762489477,-8.990902191157033
854738.1048894738,987730.9045894737,2618.0196762489477,-8.264810375804087
855134.9469947369,988147.7466947369,2533.9549806284213,-8.585845748241745
854043.6312052632,988043.536168421,2449.890285007895,-7.139007488689632
854242.0522578948,987678.7993263159,2618.0196762489477,-7.185500552335835
854738.1048894738,987887.2203789474,2505.933415421579,-7.445696278729176
855333.3680473685,987730.9045894737,2561.976545835263,-7.1318762736031385
854638.8943631579,988199.8519578947,2618.0196762489477,-9.089512319670355
854341.2627842106,988304.0624842106,2533.9549806284213,-8.301198399505015
855234.1575210526,988147.7466947369,2477.911850214737,-7.825981817442186
853745.9996263159,988199.8519578947,2393.8471545942107,-6.2377900359758955
854936.5259421053,987678.7993263159,2505.933415421579,-7.048421251596916
854539.6838368422,987991.4309052632,2674.062806662632,-8.346607408501505
855432.5785736842,987835.1151157895,2505.933415421579,-7.665084035254562
854341.2627842106,987887.2203789474,2730.105937076316,-7.9287580355159175
854242.0522578948,988095.641431579,2449.890285007895,-7.046942998076209
855333.3680473685,987835.1151157895,2561.976545835263,-7.836810763796232
855333.3680473685,987730.9045894737,2533.9549806284213,-7.296514203878889
854539.6838368422,988095.641431579,2393.8471545942107,-6.441444749044153
854043.6312052632,988147.7466947369,2561.976545835263,-7.705044963502146
854242.0522578948,988356.1677473685,2561.976545835263,-8.223717335270472
855333.3680473685,988512.4835368422,2589.9981110421054,-9.009772365533587
854341.2627842106,988251.9572210526,2646.0412414557895,-8.71876206249997
854539.6838368422,987574.5888,2421.868719801053,-5.681574214142477
854738.1048894738,988043.536168421,2505.933415421579,-7.931413145396293
854837.3154157895,988043.536168421,2646.0412414557895,-8.799815773512092
854440.4733105263,987626.6940631579,2449.890285007895,-6.314950047238954
855234.1575210526,988460.3782736842,2505.933415421579,-8.36534134241886
854341.2627842106,987730.9045894737,2674.062806662632,-7.448036882713264
854539.6838368422,988304.0624842106,2646.0412414557895,-9.23942527931971
855035.7364684211,987887.2203789474,2449.890285007895,-6.8707800320716546
854142.841731579,988512.4835368422,2477.911850214737,-7.753694609190438
855234.1575210526,988251.9572210526,2533.9549806284213,-8.960274213855268
854539.6838368422,988095.641431579,2505.933415421579,-7.685500482263341
854142.841731579,988304.0624842106,2393.8471545942107,-6.3760246775990455
855432.5785736842,988304.0624842106,2533.9549806284213,-8.888357499772217
854936.5259421053,987887.2203789474,2561.976545835263,-8.15070498559427
854440.4733105263,988512.4835368422,2618.0196762489477,-9.319479623685087
855134.9469947369,987574.5888,2589.9981110421054,-6.044677120382894
855234.1575210526,987939.3256421053,2589.9981110421054,-8.563496597795131
855035.7364684211,988043.536168421,2505.933415421579,-7.977555774966745
854936.5259421053,988251.9572210526,2449.890285007895,-7.650003424505467
854242.0522578948,987678.7993263159,2421.868719801053,-5.951058627813915
854043.6312052632,988408.2730105263,2505.933415421579,-7.299280956233766
854936.5259421053,987783.0098526316,2561.976545835263,-7.860797065749595
854142.841731579,987991.4309052632,2365.8255893873684,-5.875152954525263
853646.7891,988147.7466947369,2337.8040241805265,-4.430741616750625
854837.3154157895,988356.1677473685,2505.933415421579,-8.211355503273818
854936.5259421053,988356.1677473685,2589.9981110421054,-9.527521427556236
853845.2101526316,988043.536168421,2337.8040241805265,-5.3361419490038395
854837.3154157895,988564.5888,2589.9981110421054,-9.179420333147787
854638.8943631579,988095.641431579,2505.933415421579,-7.646879376561509
854142.841731579,987730.9045894737,2337.8040241805265,-5.286244896290564
853944.4206789475,987730.9045894737,2393.8471545942107,-5.713773557114361
854539.6838368422,987730.9045894737,2674.062806662632,-7.696497726946019
854341.2627842106,987835.1151157895,2449.890285007895,-6.894220634001221
853745.9996263159,987991.4309052632,2421.868719801053,-5.8583854469384375
854936.5259421053,987939.3256421053,2449.890285007895,-7.163590271868874
854539.6838368422,987835.1151157895,2646.0412414557895,-8.144358288321401
855035.7364684211,987887.2203789474,2646.0412414557895,-8.478258138136804
854638.8943631579,988356.1677473685,2589.9981110421054,-9.294531854500274
854936.5259421053,987887.2203789474,2646.0412414557895,-8.986258664413159
854837.3154157895,987783.0098526316,2477.911850214737,-7.150419074680505
854837.3154157895,988251.9572210526,2505.933415421579,-8.138140246444008
854638.8943631579,987574.5888,2477.911850214737,-6.141393091058147
854242.0522578948,987574.5888,2421.868719801053,-5.385316821550582
854837.3154157895,987626.6940631579,2561.976545835263,-7.089361614617988
854738.1048894738,988095.641431579,2533.9549806284213,-8.197261092404055
854142.841731579,988147.7466947369,2421.868719801053,-6.91471103022038
854936.5259421053,987887.2203789474,2449.890285007895,-7.155413287787052
854341.2627842106,988564.5888,2561.976545835263,-8.442340347934918
855134.9469947369,988356.1677473685,2618.0196762489477,-9.638084114199346
855035.7364684211,988095.641431579,2674.062806662632,-9.469278852482
854242.0522578948,987730.9045894737,2449.890285007895,-6.413938220626673
854242.0522578948,987887.2203789474,2561.976545835263,-7.394621598194561
854341.2627842106,988043.536168421,2589.9981110421054,-8.087355846526183
854738.1048894738,987574.5888,2421.868719801053,-5.709662097805153
854341.2627842106,988460.3782736842,2505.933415421579,-7.886807949040289
854837.3154157895,988095.641431579,2477.911850214737,-7.6790594860136885
854837.3154157895,987991.4309052632,2589.9981110421054,-8.40674686955888
853845.2101526316,988512.4835368422,2449.890285007895,-6.5532389550899675
853944.4206789475,988304.0624842106,2449.890285007895,-7.399654562793774
854440.4733105263,988043.536168421,2618.0196762489477,-8.506388128398894
854638.8943631579,987939.3256421053,2758.127502283158,-8.146973131812038
854341.2627842106,987939.3256421053,2533.9549806284213,-7.5755804688662485
854043.6312052632,987730.9045894737,2365.8255893873684,-5.5875209585852765
854341.2627842106,987939.3256421053,2758.127502283158,-7.929009299647245
854837.3154157895,987887.2203789474,2618.0196762489477,-8.572059902273923
854738.1048894738,987991.4309052632,2646.0412414557895,-8.646810752285916
853845.2101526316,987626.6940631579,2365.8255893873684,-4.770643127645565
854638.8943631579,988095.641431579,2674.062806662632,-8.94045399359222
854142.841731579,987730.9045894737,2533.9549806284213,-6.655373297375415
854638.8943631579,988043.536168421,2449.890285007895,-7.1411893416773795
854837.3154157895,987991.4309052632,2505.933415421579,-7.6318090303603165
855333.3680473685,987678.7993263159,2589.9981110421054,-6.618273193122115
854936.5259421053,987939.3256421053,2505.933415421579,-7.738909987789674
854242.0522578948,987626.6940631579,2533.9549806284213,-6.254526780406151
854638.8943631579,987939.3256421053,2505.933415421579,-7.541007109402804
855134.9469947369,988199.8519578947,2589.9981110421054,-9.32469929344553
854936.5259421053,987939.3256421053,2646.0412414557895,-8.987557771811684
854738.1048894738,987783.0098526316,2477.911850214737,-7.3643392689715075
853944.4206789475,987991.4309052632,2477.911850214737,-7.117806219659903
854142.841731579,987887.2203789474,2646.0412414557895,-7.356993572817822
854837.3154157895,988147.7466947369,2730.105937076316,-8.981573875736672
854936.5259421053,988304.0624842106,2702.0843718694737,-9.199012632888982
854936.5259421053,988147.7466947369,2674.062806662632,-9.594753582235363
853944.4206789475,987678.7993263159,2421.868719801053,-5.924854800223163
854242.0522578948,987626.6940631579,2589.9981110421054,-6.619704277669411
855134.9469947369,987835.1151157895,2477.911850214737,-7.5752757574225384
854837.3154157895,987730.9045894737,2646.0412414557895,-7.62884565272211
854341.2627842106,987626.6940631579,2477.911850214737,-6.137201797951137
854440.4733105263,988147.7466947369,2730.105937076316,-8.675950885804284
854242.0522578948,987678.7993263159,2365.8255893873684,-5.541420700350182
854936.5259421053,987626.6940631579,2589.9981110421054,-6.915967591961863
854738.1048894738,987887.2203789474,2702.0843718694737,-8.650256874154227
854738.1048894738,988199.8519578947,2758.127502283158,-8.901118074792933
854341.2627842106,987574.5888,2449.890285007895,-5.7821985637485
854440.4733105263,987783.0098526316,2477.911850214737,-6.948714069320139
854936.5259421053,987678.7993263159,2533.9549806284213,-7.080429330171638
855035.7364684211,987678.7993263159,2561.976545835263,-7.29219956882213
854440.4733105263,988251.9572210526,2730.105937076316,-8.730763528373659
855035.7364684211,987939.3256421053,2449.890285007895,-7.033397784363514
854638.8943631579,988251.9572210526,2505.933415421579,-8.09230911770186
854539.6838368422,987730.9045894737,2505.933415421579,-7.012058214227162
855531.7891,987991.4309052632,2533.9549806284213,-8.003648940022535
854142.841731579,987783.0098526316,2561.976545835263,-7.0114015273893635
855234.1575210526,987939.3256421053,2477.911850214737,-7.157865233703616
855035.7364684211,987939.3256421053,2646.0412414557895,-8.809931476242786
854043.6312052632,987887.2203789474,2337.8040241805265,-5.3543848078742196
854242.0522578948,987678.7993263159,2646.0412414557895,-7.195279493512336
854837.3154157895,988460.3782736842,2533.9549806284213,-8.66820690500252
854738.1048894738,988147.7466947369,2730.105937076316,-8.796770102959025
854142.841731579,987626.6940631579,2449.890285007895,-6.006125892156352
855234.1575210526,988460.3782736842,2533.9549806284213,-8.870443161207604
855333.3680473685,988251.9572210526,2618.0196762489477,-8.755510089226417
854539.6838368422,988043.536168421,2646.0412414557895,-8.438269824704644
854936.5259421053,987626.6940631579,2449.890285007895,-6.612384457097051
855134.9469947369,988095.641431579,2589.9981110421054,-9.361057560141273
854837.3154157895,987939.3256421053,2561.976545835263,-8.147196230291335
854043.6312052632,988043.536168421,2365.8255893873684,-6.036796222875552
854638.8943631579,988043.536168421,2589.9981110421054,-8.60483738719903
854440.4733105263,988147.7466947369,2702.0843718694737,-8.491222303841667
854043.6312052632,987835.1151157895,2421.868719801053,-6.386518616686639
854341.2627842106,987730.9045894737,2365.8255893873684,-5.896889374605649
854738.1048894738,988251.9572210526,2589.9981110421054,-9.23317348926199
854837.3154157895,987783.0098526316,2421.868719801053,-6.567595169923391
854242.0522578948,987574.5888,2365.8255893873684,-4.85095985472235
854043.6312052632,988043.536168421,2477.911850214737,-7.3861409296926785
854341.2627842106,988304.0624842106,2449.890285007895,-7.318162676287105
855333.3680473685,987730.9045894737,2477.911850214737,-7.194332489333098
854142.841731579,988147.7466947369,2533.9549806284213,-7.587454105648578
854142.841731579,988199.8519578947,2505.933415421579,-7.747187754091294
854738.1048894738,987678.7993263159,2421.868719801053,-6.438453085945091
854142.841731579,988043.536168421,2365.8255893873684,-5.951544225414823
854539.6838368422,988251.9572210526,2674.062806662632,-9.240216774265877
853944.4206789475,987678.7993263159,2365.8255893873684,-5.220992817614119
854837.3154157895,988251.9572210526,2618.0196762489477,-9.47948242619087
854142.841731579,987835.1151157895,2505.933415421579,-6.88486372036129
855134.9469947369,988304.0624842106,2477.911850214737,-8.088568529162707
854043.6312052632,988304.0624842106,2477.911850214737,-7.398459026242535
854539.6838368422,987574.5888,2589.9981110421054,-6.416180530753472
854142.841731579,988564.5888,2505.933415421579,-7.394659666319359
854043.6312052632,988199.8519578947,2393.8471545942107,-6.517067786946304
854638.8943631579,988512.4835368422,2477.911850214737,-8.025497151619188
854142.841731579,988043.536168421,2533.9549806284213,-7.445248248231954
855134.9469947369,987835.1151157895,2561.976545835263,-8.337342194482975
854242.0522578948,987730.9045894737,2421.868719801053,-6.29119595783754
853745.9996263159,987887.2203789474,2365.8255893873684,-5.602960896721462
854142.841731579,988147.7466947369,2561.976545835263,-7.982462157426625
855134.9469947369,987783.0098526316,2477.911850214737,-7.4742365625115745
854242.0522578948,988251.9572210526,2421.868719801053,-7.0449398815235424
855432.5785736842,987783.0098526316,2505.933415421579,-7.191228320792819
854341.2627842106,988408.2730105263,2618.0196762489477,-9.0421808837133
854142.841731579,987783.0098526316,2365.8255893873684,-5.635556356926198
853745.9996263159,988043.536168421,2449.890285007895,-6.024869991853021
854440.4733105263,988304.0624842106,2505.933415421579,-8.083355040122836
854638.8943631579,988043.536168421,2561.976545835263,-8.544316896200474
854440.4733105263,988460.3782736842,2477.911850214737,-7.996914032230507
855134.9469947369,987991.4309052632,2561.976545835263,-8.813421495084675
854638.8943631579,988251.9572210526,2674.062806662632,-9.524135931898929
854142.841731579,988460.3782736842,2561.976545835263,-8.058162683920111
854440.4733105263,988095.641431579,2561.976545835263,-8.286738208908465
854936.5259421053,988356.1677473685,2618.0196762489477,-9.845949244901389
854738.1048894738,987626.6940631579,2646.0412414557895,-6.9249004365078655
854539.6838368422,987730.9045894737,2646.0412414557895,-7.82080059714402
854539.6838368422,987783.0098526316,2646.0412414557895,-8.05945473308517
854936.5259421053,988356.1677473685,2674.062806662632,-9.613212449036865
854738.1048894738,988043.536168421,2589.9981110421054,-8.581638424197664
853944.4206789475,987991.4309052632,2505.933415421579,-7.141899767198446
854738.1048894738,988095.641431579,2505.933415421579,-7.790022941707362
854341.2627842106,987939.3256421053,2561.976545835263,-7.957800998060026
854142.841731579,987939.3256421053,2477.911850214737,-7.1224689730500685
854440.4733105263,988460.3782736842,2533.9549806284213,-8.280312733788433
854539.6838368422,987991.4309052632,2618.0196762489477,-8.454795999776843
854043.6312052632,988043.536168421,2421.868719801053,-6.827529862343408
853944.4206789475,987887.2203789474,2365.8255893873684,-5.552083691193907
854936.5259421053,988199.8519578947,2646.0412414557895,-9.662660237919926
854539.6838368422,987730.9045894737,2533.9549806284213,-7.347095476917736
854638.8943631579,988408.2730105263,2561.976545835263,-8.993889808021516
854837.3154157895,987678.7993263159,2561.976545835263,-7.361073373559954
854936.5259421053,987730.9045894737,2505.933415421579,-7.284333201690863
854341.2627842106,988408.2730105263,2646.0412414557895,-8.913196910243366
854638.8943631579,987939.3256421053,2449.890285007895,-7.267258269962924
854837.3154157895,988356.1677473685,2674.062806662632,-9.50081441118463
854936.5259421053,987574.5888,2505.933415421579,-6.5414104650998475
854539.6838368422,987835.1151157895,2449.890285007895,-6.9521906255793775
854341.2627842106,988356.1677473685,2421.868719801053,-6.981260024113304
854440.4733105263,988043.536168421,2449.890285007895,-7.2900612851510305
854242.0522578948,987887.2203789474,2589.9981110421054,-7.558513866518781
854837.3154157895,988199.8519578947,2505.933415421579,-8.108264793837922
854341.2627842106,988043.536168421,2393.8471545942107,-6.219978498119699
854738.1048894738,988460.3782736842,2477.911850214737,-7.965411066255736
855035.7364684211,987991.4309052632,2674.062806662632,-8.759966094656274
854539.6838368422,988147.7466947369,2449.890285007895,-7.306376540142396
854539.6838368422,988356.1677473685,2533.9549806284213,-8.466676195694884
854142.841731579,987783.0098526316,2505.933415421579,-6.910690528789019
855035.7364684211,987783.0098526316,2505.933415421579,-7.354648075127584
854440.4733105263,987678.7993263159,2533.9549806284213,-7.258048389901811
854440.4733105263,987783.0098526316,2365.8255893873684,-5.799126174666701
854440.4733105263,987887.2203789474,2646.0412414557895,-8.101060322983935
853646.7891,988408.2730105263,2393.8471545942107,-5.039437578603623
854242.0522578948,987887.2203789474,2646.0412414557895,-7.727092959766754
853745.9996263159,987783.0098526316,2365.8255893873684,-5.257072631795958
854440.4733105263,988095.641431579,2449.890285007895,-7.172449497389907
854539.6838368422,987574.5888,2505.933415421579,-6.255482814860968
855234.1575210526,987991.4309052632,2533.9549806284213,-8.58644718753954
854936.5259421053,987887.2203789474,2618.0196762489477,-8.966464861258956
854142.841731579,987730.9045894737,2561.976545835263,-6.579051946777643
854440.4733105263,987574.5888,2449.890285007895,-5.81791690100279
854440.4733105263,988043.536168421,2674.062806662632,-8.53813463667348
853745.9996263159,988043.536168421,2421.868719801053,-6.132645293260753
854738.1048894738,987991.4309052632,2561.976545835263,-8.14172466389553
855035.7364684211,987991.4309052632,2533.9549806284213,-8.19771229101086
854043.6312052632,987678.7993263159,2533.9549806284213,-6.095460629652591
854638.8943631579,987939.3256421053,2533.9549806284213,-7.863472491506179
854440.4733105263,987835.1151157895,2702.0843718694737,-7.768852444470515
854440.4733105263,987835.1151157895,2758.127502283158,-7.879559454611917
855333.3680473685,988095.641431579,2618.0196762489477,-7.7183899478747735
854539.6838368422,988304.0624842106,2533.9549806284213,-8.371746346735767
854142.841731579,988147.7466947369,2618.0196762489477,-8.240407597674348
854242.0522578948,988147.7466947369,2421.868719801053,-6.758407415824424
854738.1048894738,987678.7993263159,2589.9981110421054,-7.5365786635841765
854440.4733105263,988199.8519578947,2477.911850214737,-7.681064865870024
855333.3680473685,988356.1677473685,2618.0196762489477,-8.74357101803292
854638.8943631579,987730.9045894737,2589.9981110421054,-7.863837550157597
855035.7364684211,988512.4835368422,2505.933415421579,-8.305584731502869
854539.6838368422,987887.2203789474,2758.127502283158,-8.30349358573196
853944.4206789475,987835.1151157895,2393.8471545942107,-6.144055772902704
855432.5785736842,987991.4309052632,2505.933415421579,-8.110306629150989
854242.0522578948,988408.2730105263,2618.0196762489477,-8.248747482032615
854341.2627842106,988095.641431579,2618.0196762489477,-8.23204011655853
855333.3680473685,988356.1677473685,2505.933415421579,-8.404531323998143
855134.9469947369,987574.5888,2477.911850214737,-6.40850099277616
855134.9469947369,987887.2203789474,2589.9981110421054,-8.633671146649913
854242.0522578948,988460.3782736842,2421.868719801053,-6.7103536243065935
854242.0522578948,987783.0098526316,2421.868719801053,-6.168079090234692
854539.6838368422,988147.7466947369,2758.127502283158,-8.670470117518866
854142.841731579,987678.7993263159,2421.868719801053,-6.159887609723947
855035.7364684211,988356.1677473685,2674.062806662632,-9.458278012855745
854738.1048894738,987626.6940631579,2477.911850214737,-6.516645520766574
853845.2101526316,987835.1151157895,2365.8255893873684,-5.581096970545324
854539.6838368422,987887.2203789474,2393.8471545942107,-6.113887020352999
854936.5259421053,987574.5888,2589.9981110421054,-6.87621551942762
855035.7364684211,987887.2203789474,2618.0196762489477,-8.846968727328791
854539.6838368422,987626.6940631579,2702.0843718694737,-6.731755796765333
855134.9469947369,988095.641431579,2533.9549806284213,-8.687463311518888
855333.3680473685,987678.7993263159,2505.933415421579,-7.00319549792943
855333.3680473685,988043.536168421,2561.976545835263,-8.768962738581298
855234.1575210526,987783.0098526316,2589.9981110421054,-7.9718158651833715
854837.3154157895,988251.9572210526,2533.9549806284213,-8.480608225782703
855035.7364684211,988251.9572210526,2646.0412414557895,-9.754023172842585
855531.7891,987678.7993263159,2533.9549806284213,-6.61757474461267
854837.3154157895,987783.0098526316,2674.062806662632,-7.773591405850026
855134.9469947369,988512.4835368422,2589.9981110421054,-9.045929501843078
854440.4733105263,987939.3256421053,2674.062806662632,-8.291959874470338
854837.3154157895,988304.0624842106,2477.911850214737,-7.714373870261604
854738.1048894738,988408.2730105263,2646.0412414557895,-9.785218582584928
854837.3154157895,988304.0624842106,2505.933415421579,-8.257686665334042
855432.5785736842,987887.2203789474,2561.976545835263,-7.840353108870194
853745.9996263159,987939.3256421053,2309.7824589736842,-4.8886383999390075
855134.9469947369,988199.8519578947,2646.0412414557895,-9.707914600190884
854440.4733105263,987730.9045894737,2421.868719801053,-6.282489386281869
854440.4733105263,987939.3256421053,2702.0843718694737,-8.28955619126722
855035.7364684211,988199.8519578947,2477.911850214737,-7.678191593088878
854242.0522578948,987783.0098526316,2393.8471545942107,-6.067654478245312
854341.2627842106,988251.9572210526,2702.0843718694737,-8.598840532967568
854539.6838368422,987678.7993263159,2505.933415421579,-6.633061748939379
854341.2627842106,987835.1151157895,2618.0196762489477,-7.776133398320479
854837.3154157895,988147.7466947369,2702.0843718694737,-9.37119847059962
854242.0522578948,987574.5888,2337.8040241805265,-4.620179183281281
855134.9469947369,988199.8519578947,2533.9549806284213,-8.752338265101763
854440.4733105263,987887.2203789474,2589.9981110421054,-8.075073085808397
854440.4733105263,988147.7466947369,2533.9549806284213,-8.227196848759327
854242.0522578948,988043.536168421,2421.868719801053,-6.861226441941809
855035.7364684211,988095.641431579,2646.0412414557895,-9.543845464114218
854341.2627842106,987626.6940631579,2449.890285007895,-6.143957029738313
855035.7364684211,987939.3256421053,2477.911850214737,-7.484896081043211
854341.2627842106,987626.6940631579,2589.9981110421054,-6.574030899178024
854242.0522578948,987626.6940631579,2393.8471545942107,-5.437016898939313
853944.4206789475,987730.9045894737,2477.911850214737,-5.965234611012197
854341.2627842106,987574.5888,2421.868719801053,-5.486438319569744
854738.1048894738,987574.5888,2393.8471545942107,-5.614471402357316
855134.9469947369,988251.9572210526,2561.976545835263,-9.147736777205436
855035.7364684211,988356.1677473685,2589.9981110421054,-9.72794514669539
854242.0522578948,987991.4309052632,2561.976545835263,-7.872379744185529
855432.5785736842,987626.6940631579,2533.9549806284213,-6.451806567315165
854142.841731579,987835.1151157895,2477.911850214737,-6.870173500171952
854440.4733105263,987991.4309052632,2449.890285007895,-7.115457362088479
854638.8943631579,987939.3256421053,2702.0843718694737,-8.472027667544468
853944.4206789475,988304.0624842106,2505.933415421579,-7.042793058178529
853944.4206789475,987991.4309052632,2337.8040241805265,-5.37545467700192
854242.0522578948,988043.536168421,2646.0412414557895,-8.001096519350217
854539.6838368422,988095.641431579,2561.976545835263,-8.427449371553395
854837.3154157895,988356.1677473685,2561.976545835263,-8.852951263154472
854837.3154157895,988304.0624842106,2449.890285007895,-7.450513400016837
854043.6312052632,987626.6940631579,2309.7824589736842,-4.798534896951774
854043.6312052632,987991.4309052632,2505.933415421579,-7.1614638935828125
854837.3154157895,987887.2203789474,2421.868719801053,-6.350142437405411
855234.1575210526,988356.1677473685,2646.0412414557895,-8.879793919001932
854738.1048894738,988095.641431579,2758.127502283158,-8.88193823221051
854539.6838368422,988199.8519578947,2618.0196762489477,-8.859955099273062
854936.5259421053,988460.3782736842,2618.0196762489477,-9.941177763456732
855432.5785736842,987574.5888,2533.9549806284213,-5.977804433830393
855134.9469947369,988512.4835368422,2505.933415421579,-8.545197518484423
854440.4733105263,987887.2203789474,2533.9549806284213,-7.511065633341816
854142.841731579,987835.1151157895,2393.8471545942107,-6.06348603758126
855035.7364684211,987783.0098526316,2449.890285007895,-6.63469805895933
855234.1575210526,988147.7466947369,2646.0412414557895,-8.304540871467239
854440.4733105263,987730.9045894737,2702.0843718694737,-7.46898985333615
854837.3154157895,987730.9045894737,2589.9981110421054,-7.849792946938732
854341.2627842106,987887.2203789474,2758.127502283158,-7.689049014705116
854242.0522578948,988304.0624842106,2561.976545835263,-8.107112965862015
855234.1575210526,987678.7993263159,2477.911850214737,-7.10932904495126
855333.3680473685,988199.8519578947,2533.9549806284213,-8.868265231962006
854837.3154157895,988095.641431579,2561.976545835263,-8.587123111999134
854242.0522578948,987939.3256421053,2674.062806662632,-8.026750113384017
854738.1048894738,988251.9572210526,2561.976545835263,-8.622811532122345
854638.8943631579,987626.6940631579,2449.890285007895,-6.393176228863427
854043.6312052632,988147.7466947369,2505.933415421579,-7.427982286001706
854539.6838368422,988408.2730105263,2477.911850214737,-7.731129514376504
855234.1575210526,988043.536168421,2477.911850214737,-7.64828425214263
854936.5259421053,988251.9572210526,2477.911850214737,-7.8731096095618325
854738.1048894738,988199.8519578947,2674.062806662632,-9.271592255799522
854242.0522578948,987626.6940631579,2477.911850214737,-6.259684374853111
854936.5259421053,987783.0098526316,2589.9981110421054,-8.177680714326325
853745.9996263159,988095.641431579,2337.8040241805265,-5.339436684958201
854440.4733105263,988199.8519578947,2618.0196762489477,-8.713412184108682
853646.7891,988512.4835368422,2393.8471545942107,-5.011987567827796
854242.0522578948,988251.9572210526,2618.0196762489477,-8.467330837397375
854142.841731579,987991.4309052632,2449.890285007895,-7.162604261723435
854936.5259421053,988251.9572210526,2561.976545835263,-9.022154506465677
853745.9996263159,987783.0098526316,2309.7824589736842,-4.585610321558973
854142.841731579,988095.641431579,2421.868719801053,-6.801556346473493
854142.841731579,987678.7993263159,2449.890285007895,-5.93558513222484
854043.6312052632,987626.6940631579,2393.8471545942107,-5.224657537534731
855134.9469947369,987887.2203789474,2477.911850214737,-7.782888586354982
854936.5259421053,987939.3256421053,2674.062806662632,-8.78904988366496
854539.6838368422,988043.536168421,2561.976545835263,-8.186502241171604
855134.9469947369,987678.7993263159,2449.890285007895,-6.47634825334228
855234.1575210526,987626.6940631579,2477.911850214737,-6.914044547968517
855134.9469947369,987626.6940631579,2561.976545835263,-6.746277789277684
854738.1048894738,987730.9045894737,2589.9981110421054,-8.022307379874244
854440.4733105263,988147.7466947369,2758.127502283158,-8.483793770945155
854341.2627842106,987835.1151157895,2589.9981110421054,-7.483141276331228
855333.3680473685,987783.0098526316,2477.911850214737,-7.066993441765369
854539.6838368422,988199.8519578947,2674.062806662632,-9.122097754607886
854539.6838368422,988564.5888,2561.976545835263,-8.934938005305643
855432.5785736842,988095.641431579,2533.9549806284213,-8.55570783917975
854837.3154157895,987835.1151157895,2421.868719801053,-6.435810909544241
853845.2101526316,987835.1151157895,2309.7824589736842,-4.778820236514481
854242.0522578948,988408.2730105263,2449.890285007895,-7.463075064439989
854638.8943631579,988512.4835368422,2533.9549806284213,-8.584688436519277
855035.7364684211,988564.5888,2561.976545835263,-8.9145091245625
854936.5259421053,987626.6940631579,2618.0196762489477,-6.858852859117268
854440.4733105263,988147.7466947369,2674.062806662632,-8.699451652867657
853845.2101526316,987626.6940631579,2309.7824589736842,-4.449491885379381
854341.2627842106,987835.1151157895,2730.105937076316,-7.489710872449896
854936.5259421053,988408.2730105263,2618.0196762489477,-9.928008982830361
854341.2627842106,987835.1151157895,2561.976545835263,-7.485200707681458
854837.3154157895,988356.1677473685,2589.9981110421054,-9.615703248886923
854936.5259421053,987626.6940631579,2533.9549806284213,-6.817505793188313
854142.841731579,988251.9572210526,2505.933415421579,-7.7101798292576555
854738.1048894738,987887.2203789474,2618.0196762489477,-8.564542622389544
854539.6838368422,987835.1151157895,2589.9981110421054,-8.207632399754287
854638.8943631579,987887.2203789474,2589.9981110421054,-8.348594925547133
854242.0522578948,987626.6940631579,2337.8040241805265,-4.963027754913086
854837.3154157895,987730.9045894737,2561.976545835263,-7.741462058588233
854142.841731579,988512.4835368422,2449.890285007895,-7.533156109889731
855134.9469947369,987835.1151157895,2505.933415421579,-7.663530712187879
854738.1048894738,988304.0624842106,2618.0196762489477,-9.603313856432699
853845.2101526316,987678.7993263159,2337.8040241805265,-5.075591910231141
855432.5785736842,988564.5888,2561.976545835263,-8.78294912705777
853845.2101526316,987730.9045894737,2337.8040241805265,-5.259606227484919
855234.1575210526,987678.7993263159,2561.976545835263,-7.037399000618402
854539.6838368422,988095.641431579,2533.9549806284213,-8.151965728537679
854738.1048894738,988408.2730105263,2561.976545835263,-9.044518147882268
854738.1048894738,988408.2730105263,2449.890285007895,-7.0433346020938705
854936.5259421053,987678.7993263159,2449.890285007895,-6.956184241574154
854242.0522578948,987991.4309052632,2702.0843718694737,-7.886558026773875
853646.7891,988304.0624842106,2393.8471545942107,-5.359979509202468
853745.9996263159,987626.6940631579,2281.7608937668424,-4.151079783003504
854837.3154157895,988043.536168421,2561.976545835263,-8.582566499207612
854142.841731579,988251.9572210526,2618.0196762489477,-8.212454035549346
854936.5259421053,988147.7466947369,2505.933415421579,-8.155706778838526
854539.6838368422,987678.7993263159,2533.9549806284213,-7.075719279798899
854539.6838368422,988251.9572210526,2589.9981110421054,-9.252550411530525
854341.2627842106,988460.3782736842,2477.911850214737,-7.941566455304932
854440.4733105263,987678.7993263159,2449.890285007895,-6.482912292772365
854837.3154157895,987835.1151157895,2505.933415421579,-7.496780487172076
854936.5259421053,988564.5888,2561.976545835263,-9.105848231168785
854440.4733105263,987991.4309052632,2393.8471545942107,-6.319784538346593
854440.4733105263,988512.4835368422,2505.933415421579,-8.210793201586856
854341.2627842106,987730.9045894737,2449.890285007895,-6.573601319515533
854638.8943631579,988043.536168421,2674.062806662632,-8.730099713835001
854539.6838368422,987626.6940631579,2477.911850214737,-6.422120949345195
854440.4733105263,987783.0098526316,2449.890285007895,-7.07834647721768
854638.8943631579,988304.0624842106,2589.9981110421054,-9.348320982639613
853944.4206789475,988199.8519578947,2365.8255893873684,-5.954390275635778
854539.6838368422,987678.7993263159,2477.911850214737,-6.707383043423753
854539.6838368422,987939.3256421053,2702.0843718694737,-8.173257785341681
854638.8943631579,987835.1151157895,2421.868719801053,-6.818817945832073
854242.0522578948,988147.7466947369,2505.933415421579,-7.702414686067762
854539.6838368422,988408.2730105263,2505.933415421579,-8.359500356768967
854440.4733105263,988043.536168421,2505.933415421579,-7.571908727516275
854936.5259421053,987678.7993263159,2421.868719801053,-6.126704049940662
854142.841731579,988147.7466947369,2393.8471545942107,-6.242984419377701
853944.4206789475,988408.2730105263,2393.8471545942107,-6.4320865770586595
854837.3154157895,987835.1151157895,2589.9981110421054,-8.359525890303301
854638.8943631579,987730.9045894737,2618.0196762489477,-8.351183224152672
854341.2627842106,988304.0624842106,2618.0196762489477,-8.916128913278149
855333.3680473685,988408.2730105263,2618.0196762489477,-8.830714853922583
853944.4206789475,987574.5888,2337.8040241805265,-4.328587096037539
854341.2627842106,988199.8519578947,2618.0196762489477,-8.502534571639586
854341.2627842106,988095.641431579,2561.976545835263,-8.060995110276822
855134.9469947369,988043.536168421,2646.0412414557895,-8.822238222788044
854936.5259421053,987678.7993263159,2646.0412414557895,-6.848696134717722
855432.5785736842,987835.1151157895,2533.9549806284213,-7.692970344764691
855035.7364684211,987730.9045894737,2533.9549806284213,-7.499688749353479
854936.5259421053,988304.0624842106,2674.062806662632,-9.522580871097817
854440.4733105263,987626.6940631579,2533.9549806284213,-6.84738360709603
855432.5785736842,987626.6940631579,2561.976545835263,-6.4986735986539035
854738.1048894738,987626.6940631579,2421.868719801053,-5.862910722573785
854142.841731579,988356.1677473685,2477.911850214737,-7.670946700566484
854142.841731579,988251.9572210526,2561.976545835263,-7.9951343868679565
854738.1048894738,987574.5888,2646.0412414557895,-6.192510642825475
854738.1048894738,988095.641431579,2674.062806662632,-9.108104752551078
853845.2101526316,987835.1151157895,2421.868719801053,-6.449029766502348
854539.6838368422,987887.2203789474,2674.062806662632,-8.439320804529588
853944.4206789475,987835.1151157895,2365.8255893873684,-5.649107508903967
853944.4206789475,988512.4835368422,2421.868719801053,-7.272974673897346
854738.1048894738,988356.1677473685,2674.062806662632,-9.539139561746262
854638.8943631579,988251.9572210526,2449.890285007895,-7.39251404800429
854638.8943631579,988251.9572210526,2533.9549806284213,-8.488248557892167
854837.3154157895,987574.5888,2618.0196762489477,-6.549176145136463
854341.2627842106,987887.2203789474,2393.8471545942107,-6.181024749866238
854837.3154157895,987730.9045894737,2674.062806662632,-7.169161081154699
855333.3680473685,987835.1151157895,2505.933415421579,-8.00717363168613
854242.0522578948,987835.1151157895,2393.8471545942107,-5.9072260322296435
855134.9469947369,988304.0624842106,2646.0412414557895,-9.70646453601676
854242.0522578948,988356.1677473685,2533.9549806284213,-7.8952677988001945
854638.8943631579,987626.6940631579,2589.9981110421054,-7.189745829890785
854837.3154157895,988147.7466947369,2477.911850214737,-7.78447762238582
853845.2101526316,988251.9572210526,2449.890285007895,-6.994081110008502
855234.1575210526,987730.9045894737,2618.0196762489477,-6.602331637901497
854242.0522578948,987835.1151157895,2337.8040241805265,-5.499274323914687
854142.841731579,988251.9572210526,2589.9981110421054,-8.321306536949018
854738.1048894738,987939.3256421053,2505.933415421579,-7.53374695323273
854341.2627842106,988564.5888,2477.911850214737,-7.8129056262095276
854043.6312052632,987730.9045894737,2393.8471545942107,-5.827149633743211
854242.0522578948,987991.4309052632,2365.8255893873684,-5.803264731501662
854043.6312052632,988460.3782736842,2421.868719801053,-7.074093890891525
854638.8943631579,987939.3256421053,2730.105937076316,-8.52641235483944
854936.5259421053,988408.2730105263,2589.9981110421054,-9.396297405372541
854341.2627842106,988043.536168421,2702.0843718694737,-8.353298262934917
854440.4733105263,987835.1151157895,2365.8255893873684,-5.755173824081102
854539.6838368422,987626.6940631579,2533.9549806284213,-6.383869304735706
854043.6312052632,987574.5888,2309.7824589736842,-4.358749734831758
855035.7364684211,988147.7466947369,2505.933415421579,-8.167666107179922
855035.7364684211,987678.7993263159,2618.0196762489477,-7.11565830724564
855234.1575210526,987783.0098526316,2561.976545835263,-7.972723606805041
855234.1575210526,987991.4309052632,2646.0412414557895,-8.140657618619567
854043.6312052632,988408.2730105263,2421.868719801053,-7.15062739389432
854440.4733105263,987783.0098526316,2421.868719801053,-6.450046974484627
855432.5785736842,987730.9045894737,2533.9549806284213,-7.322688482877462
855234.1575210526,988408.2730105263,2561.976545835263,-9.066506722003462
854440.4733105263,988147.7466947369,2646.0412414557895,-8.63596932019667
854440.4733105263,987730.9045894737,2365.8255893873684,-5.477518209206246
854043.6312052632,988199.8519578947,2505.933415421579,-7.619819824189465
855531.7891,988251.9572210526,2533.9549806284213,-8.49997139060447
853944.4206789475,988199.8519578947,2533.9549806284213,-7.491551613309865
854638.8943631579,988460.3782736842,2618.0196762489477,-9.44317321354241
853845.2101526316,988408.2730105263,2477.911850214737,-6.864482729746688
854440.4733105263,987730.9045894737,2618.0196762489477,-7.635862052305101
855234.1575210526,987783.0098526316,2477.911850214737,-7.2983362780138785
854936.5259421053,987730.9045894737,2533.9549806284213,-7.444888960623577
854242.0522578948,988356.1677473685,2618.0196762489477,-8.769357557812167
855333.3680473685,988304.0624842106,2561.976545835263,-9.021295782605025
854837.3154157895,988043.536168421,2589.9981110421054,-8.89204642868967
854142.841731579,988251.9572210526,2421.868719801053,-6.886238084354167
855432.5785736842,988043.536168421,2561.976545835263,-8.179929265125732
854341.2627842106,988043.536168421,2449.890285007895,-7.16651841955914
854837.3154157895,987939.3256421053,2702.0843718694737,-8.638552020057224
854738.1048894738,988512.4835368422,2505.933415421579,-8.407467633580882
854440.4733105263,987678.7993263159,2646.0412414557895,-7.213777666932425
855035.7364684211,988304.0624842106,2589.9981110421054,-9.57055984612192
854440.4733105263,988095.641431579,2674.062806662632,-8.631606557911981
854539.6838368422,988043.536168421,2477.911850214737,-7.65340684475121
855035.7364684211,987626.6940631579,2449.890285007895,-6.560950386827261
854142.841731579,988460.3782736842,2421.868719801053,-6.970117581072543
854638.8943631579,987887.2203789474,2393.8471545942107,-6.164162141119306
854242.0522578948,988304.0624842106,2477.911850214737,-7.821754636261667
854043.6312052632,988095.641431579,2393.8471545942107,-6.191215104859482
854539.6838368422,987939.3256421053,2393.8471545942107,-6.394496822904512
854341.2627842106,988304.0624842106,2646.0412414557895,-9.00330348966873
854837.3154157895,988147.7466947369,2561.976545835263,-8.586232349363023
855035.7364684211,988095.641431579,2505.933415421579,-8.27890146913141
854440.4733105263,988095.641431579,2758.127502283158,-8.424250253875153
854043.6312052632,988512.4835368422,2505.933415421579,-7.404275812450704
855134.9469947369,988408.2730105263,2561.976545835263,-9.214089301834825
853944.4206789475,987730.9045894737,2365.8255893873684,-5.3587291068090455
854043.6312052632,987730.9045894737,2337.8040241805265,-5.111627422209088
854837.3154157895,988408.2730105263,2533.9549806284213,-8.619720112992287
854341.2627842106,987783.0098526316,2589.9981110421054,-7.376396728931508
854638.8943631579,987678.7993263159,2589.9981110421054,-7.527481679263043
854638.8943631579,988199.8519578947,2758.127502283158,-8.730300495680703
854539.6838368422,988199.8519578947,2533.9549806284213,-8.27188506488152
854837.3154157895,988095.641431579,2730.105937076316,-8.93280800005835
855234.1575210526,988512.4835368422,2589.9981110421054,-9.086190613569881
854242.0522578948,988356.1677473685,2449.890285007895,-7.515958739856807
854142.841731579,988356.1677473685,2421.868719801053,-6.866355050688528
853944.4206789475,987835.1151157895,2505.933415421579,-6.1184075087805585
854837.3154157895,988095.641431579,2702.0843718694737,-9.213464169094658
853646.7891,987887.2203789474,2337.8040241805265,-4.542653711306889
854440.4733105263,988512.4835368422,2561.976545835263,-8.560322984572544
854638.8943631579,988251.9572210526,2589.9981110421054,-9.273414965764509
854142.841731579,988408.2730105263,2533.9549806284213,-7.649881721638735
854638.8943631579,987730.9045894737,2561.976545835263,-7.371879075311745
854539.6838368422,987939.3256421053,2674.062806662632,-8.246166252986903
853845.2101526316,987939.3256421053,2421.868719801053,-6.721322108427579
854341.2627842106,988095.641431579,2533.9549806284213,-8.021315452873463
854539.6838368422,987783.0098526316,2505.933415421579,-7.070097877309818
854440.4733105263,988304.0624842106,2702.0843718694737,-8.910709749900299
855134.9469947369,988304.0624842106,2505.933415421579,-8.33268559276868
855134.9469947369,988251.9572210526,2505.933415421579,-8.237194352873054
854242.0522578948,988251.9572210526,2505.933415421579,-7.71186874951506
854539.6838368422,988512.4835368422,2449.890285007895,-6.970701431332591
854242.0522578948,987991.4309052632,2477.911850214737,-7.183565783365581
854738.1048894738,988304.0624842106,2477.911850214737,-7.754522922040219
854440.4733105263,988304.0624842106,2674.062806662632,-8.861618292287138
855134.9469947369,988251.9572210526,2533.9549806284213,-8.497208505795415
854738.1048894738,988095.641431579,2421.868719801053,-6.721756245548997
855333.3680473685,987678.7993263159,2477.911850214737,-7.04866625812774
854242.0522578948,988199.8519578947,2561.976545835263,-8.238521409758631
854738.1048894738,987626.6940631579,2589.9981110421054,-7.216553925477952
855234.1575210526,987835.1151157895,2589.9981110421054,-8.184311602763156
854936.5259421053,987574.5888,2533.9549806284213,-6.718406996765858
854142.841731579,988408.2730105263,2421.868719801053,-7.226560755697605
854142.841731579,987626.6940631579,2477.911850214737,-6.183201892277547
854043.6312052632,988199.8519578947,2589.9981110421054,-7.876844741869098
854936.5259421053,987626.6940631579,2477.911850214737,-6.540280687284631
854539.6838368422,988147.7466947369,2533.9549806284213,-8.036220087728516
854043.6312052632,988043.536168421,2589.9981110421054,-7.526687908769873
855432.5785736842,988199.8519578947,2561.976545835263,-8.62700454535799
854638.8943631579,988095.641431579,2758.127502283158,-8.924425943499475
854837.3154157895,988251.9572210526,2477.911850214737,-7.832314384733183
854539.6838368422,987991.4309052632,2505.933415421579,-7.569554852577859
854242.0522578948,987991.4309052632,2505.933415421579,-7.358797440057536
855035.7364684211,988251.9572210526,2674.062806662632,-9.327513377721896
855234.1575210526,988147.7466947369,2533.9549806284213,-8.699321724682294
854242.0522578948,988147.7466947369,2646.0412414557895,-8.385219611692794
855333.3680473685,987887.2203789474,2477.911850214737,-7.213213591171876
854936.5259421053,988512.4835368422,2505.933415421579,-8.47732257198609
854341.2627842106,988512.4835368422,2505.933415421579,-7.957402316837099
854341.2627842106,988304.0624842106,2421.868719801053,-7.145823171470771
854043.6312052632,987730.9045894737,2309.7824589736842,-4.825442214838681
855432.5785736842,988147.7466947369,2561.976545835263,-8.647453978030304
855234.1575210526,988460.3782736842,2561.976545835263,-9.187334039415427
854043.6312052632,987626.6940631579,2533.9549806284213,-5.415404019499662
854043.6312052632,988147.7466947369,2393.8471545942107,-6.493853879608677
855035.7364684211,988095.641431579,2561.976545835263,-8.893542054916189
854440.4733105263,987783.0098526316,2393.8471545942107,-5.962443657277448
855333.3680473685,988408.2730105263,2505.933415421579,-8.420091358065557
854242.0522578948,988147.7466947369,2393.8471545942107,-6.41831203023277
854738.1048894738,987626.6940631579,2618.0196762489477,-7.557309523246757
854837.3154157895,987991.4309052632,2421.868719801053,-6.855687844382052
854242.0522578948,988408.2730105263,2561.976545835263,-8.08166537827617
854638.8943631579,988408.2730105263,2618.0196762489477,-9.507244258168253
854837.3154157895,987574.5888,2505.933415421579,-6.442519817354602
854142.841731579,987678.7993263159,2477.911850214737,-6.425989252495304
853944.4206789475,988095.641431579,2365.8255893873684,-6.03604672538929
854738.1048894738,988199.8519578947,2533.9549806284213,-8.283058003312739
855333.3680473685,988408.2730105263,2533.9549806284213,-8.766433473164636
854341.2627842106,987835.1151157895,2365.8255893873684,-5.889005717357225
855035.7364684211,987626.6940631579,2505.933415421579,-6.824763491479651
853745.9996263159,987939.3256421053,2337.8040241805265,-5.168120393325695
854738.1048894738,988043.536168421,2730.105937076316,-8.773419123244398
854242.0522578948,988199.8519578947,2449.890285007895,-7.410938913323358
854440.4733105263,988095.641431579,2421.868719801053,-6.947997202518609
854043.6312052632,987887.2203789474,2589.9981110421054,-6.871249613462239
854043.6312052632,988095.641431579,2589.9981110421054,-7.629155159498787
854242.0522578948,987626.6940631579,2646.0412414557895,-6.843504513477448
854936.5259421053,988251.9572210526,2505.933415421579,-8.082576922266428
854341.2627842106,987678.7993263159,2533.9549806284213,-6.841552824309902
854341.2627842106,988251.9572210526,2505.933415421579,-7.797375099144159
854341.2627842106,988095.641431579,2702.0843718694737,-8.234300361649499
854539.6838368422,987887.2203789474,2477.911850214737,-7.251022271827114
854341.2627842106,987783.0098526316,2365.8255893873684,-5.750088457450658
854142.841731579,987730.9045894737,2589.9981110421054,-7.102812090545652
854738.1048894738,988199.8519578947,2589.9981110421054,-8.948228557683544
855134.9469947369,987991.4309052632,2674.062806662632,-8.381812440684676
854638.8943631579,988304.0624842106,2505.933415421579,-8.223758503774556
855134.9469947369,988147.7466947369,2674.062806662632,-8.969117453039116
855035.7364684211,987887.2203789474,2561.976545835263,-8.326062539790176
854738.1048894738,988408.2730105263,2533.9549806284213,-8.545501381996598
854440.4733105263,988304.0624842106,2533.9549806284213,-8.253202827076764
853646.7891,988095.641431579,2393.8471545942107,-5.446629663255818
854440.4733105263,987939.3256421053,2505.933415421579,-7.29135554590277
853944.4206789475,987835.1151157895,2309.7824589736842,-4.926767514491104
854638.8943631579,988304.0624842106,2561.976545835263,-8.76752214897822
854142.841731579,988304.0624842106,2421.868719801053,-6.988447858938181
854638.8943631579,988199.8519578947,2477.911850214737,-7.886842558297645
854539.6838368422,988460.3782736842,2646.0412414557895,-9.550363664800344
854837.3154157895,987626.6940631579,2589.9981110421054,-7.126891905740617
853845.2101526316,988408.2730105263,2393.8471545942107,-6.66697464864132
854440.4733105263,988356.1677473685,2589.9981110421054,-8.882486017422627
854936.5259421053,988408.2730105263,2477.911850214737,-7.933720325985164
855432.5785736842,988147.7466947369,2505.933415421579,-8.163673454507169
854341.2627842106,987678.7993263159,2730.105937076316,-6.986413597506058
854936.5259421053,988147.7466947369,2618.0196762489477,-9.487243498969587
853845.2101526316,988460.3782736842,2421.868719801053,-6.934982275625532
854539.6838368422,988251.9572210526,2730.105937076316,-8.871630322192868
854242.0522578948,987783.0098526316,2533.9549806284213,-6.781609209451479
854242.0522578948,987939.3256421053,2646.0412414557895,-7.885387259398225
855134.9469947369,987835.1151157895,2646.0412414557895,-7.669777703730077
855531.7891,988408.2730105263,2533.9549806284213,-8.681060383617973
854837.3154157895,988356.1677473685,2449.890285007895,-7.263286826614937
854638.8943631579,988095.641431579,2449.890285007895,-7.192102525866058
855035.7364684211,988460.3782736842,2618.0196762489477,-9.156283709639027
855035.7364684211,988199.8519578947,2674.062806662632,-9.427411250529381
854837.3154157895,987835.1151157895,2702.0843718694737,-7.6140946688863815
853745.9996263159,987730.9045894737,2281.7608937668424,-4.258674725854355
853845.2101526316,987783.0098526316,2421.868719801053,-5.7887475194847395
855134.9469947369,988408.2730105263,2505.933415421579,-8.264961119289103
854936.5259421053,988043.536168421,2477.911850214737,-7.721215868230294
854539.6838368422,987887.2203789474,2449.890285007895,-6.945099834081595
855035.7364684211,987887.2203789474,2477.911850214737,-7.454374741150524
854936.5259421053,988043.536168421,2449.890285007895,-7.102080577531613
854440.4733105263,988356.1677473685,2449.890285007895,-7.347945459779756
854638.8943631579,987730.9045894737,2702.0843718694737,-7.305023396881897
854440.4733105263,988095.641431579,2393.8471545942107,-6.390626248959332
854242.0522578948,988460.3782736842,2533.9549806284213,-7.746508968164378
855035.7364684211,987626.6940631579,2561.976545835263,-6.806414187895084
854539.6838368422,987939.3256421053,2421.868719801053,-6.702716913911525
854638.8943631579,988095.641431579,2730.105937076316,-8.746398856718628
854440.4733105263,987678.7993263159,2505.933415421579,-6.7202310781327155
854539.6838368422,987626.6940631579,2421.868719801053,-5.983924249609352
854341.2627842106,987887.2203789474,2533.9549806284213,-7.39960810872898
854638.8943631579,987835.1151157895,2618.0196762489477,-8.474469030210482
855035.7364684211,987991.4309052632,2702.0843718694737,-8.152867029920632
855134.9469947369,987887.2203789474,2505.933415421579,-7.937514932417587
854242.0522578948,988095.641431579,2477.911850214737,-7.308448397748248
855134.9469947369,988199.8519578947,2477.911850214737,-7.771036815124182
854440.4733105263,987574.5888,2477.911850214737,-6.106047528523637
854242.0522578948,988147.7466947369,2674.062806662632,-8.459974463795962
855234.1575210526,988564.5888,2533.9549806284213,-8.91107949568409
854837.3154157895,987730.9045894737,2477.911850214737,-7.136536297346664
855134.9469947369,988147.7466947369,2618.0196762489477,-9.837612071825896
854638.8943631579,987626.6940631579,2674.062806662632,-6.598352464337518
853745.9996263159,988356.1677473685,2449.890285007895,-6.087686319515949
853944.4206789475,988095.641431579,2449.890285007895,-7.136869197983552
854242.0522578948,987835.1151157895,2674.062806662632,-7.713593335920054
855134.9469947369,987939.3256421053,2561.976545835263,-8.561586733713652
854738.1048894738,988304.0624842106,2505.933415421579,-8.179970985732862
854539.6838368422,987887.2203789474,2589.9981110421054,-8.168370582063
854440.4733105263,988460.3782736842,2561.976545835263,-8.416180498851217
854341.2627842106,987835.1151157895,2674.062806662632,-7.780461674333639
854440.4733105263,987887.2203789474,2477.911850214737,-7.289491051281641
854638.8943631579,987783.0098526316,2477.911850214737,-7.1521694101558335
855134.9469947369,987678.7993263159,2477.911850214737,-7.131877991622922
854539.6838368422,987574.5888,2477.911850214737,-5.928390464418874
854638.8943631579,987991.4309052632,2674.062806662632,-8.64079600407933
854936.5259421053,987835.1151157895,2533.9549806284213,-7.6270409602477764
855134.9469947369,988043.536168421,2674.062806662632,-8.495478099148364
854440.4733105263,987835.1151157895,2421.868719801053,-6.3742368101049305
854043.6312052632,987939.3256421053,2421.868719801053,-6.546704115928808
854738.1048894738,988356.1677473685,2505.933415421579,-8.29855335065755
854738.1048894738,987887.2203789474,2421.868719801053,-6.830491957232438
854936.5259421053,988147.7466947369,2477.911850214737,-7.900542050005462
853944.4206789475,987783.0098526316,2337.8040241805265,-5.264607032251734
854142.841731579,987835.1151157895,2533.9549806284213,-6.853114033298544
854539.6838368422,988512.4835368422,2533.9549806284213,-8.436697166157398
853944.4206789475,987887.2203789474,2421.868719801053,-6.40569147647535
854242.0522578948,988304.0624842106,2505.933415421579,-7.795154684588096
854142.841731579,988199.8519578947,2533.9549806284213,-7.843442248312669
854440.4733105263,987835.1151157895,2674.062806662632,-8.156133883055277
854539.6838368422,988095.641431579,2702.0843718694737,-8.882560781028964
853944.4206789475,988460.3782736842,2421.868719801053,-7.08803039971802
854936.5259421053,988460.3782736842,2505.933415421579,-8.305329564720916
855333.3680473685,987626.6940631579,2533.9549806284213,-6.467874685716438
854539.6838368422,988043.536168421,2393.8471545942107,-6.387297435717892
855134.9469947369,987991.4309052632,2589.9981110421054,-9.0659786694958
854341.2627842106,988147.7466947369,2505.933415421579,-7.657091780895918
853845.2101526316,987939.3256421053,2365.8255893873684,-5.57321944654403
854837.3154157895,988043.536168421,2533.9549806284213,-8.064399899372836
854738.1048894738,987730.9045894737,2561.976545835263,-7.489738640634925
853745.9996263159,987991.4309052632,2365.8255893873684,-5.5699858231987776
855234.1575210526,987730.9045894737,2561.976545835263,-7.890265265435892
854638.8943631579,988460.3782736842,2561.976545835263,-8.977748553836063
854043.6312052632,987835.1151157895,2533.9549806284213,-6.767309849890674
854738.1048894738,988199.8519578947,2561.976545835263,-8.694110515899128
854936.5259421053,988564.5888,2533.9549806284213,-8.775466385121911
855035.7364684211,988460.3782736842,2533.9549806284213,-8.86145882871196
855432.5785736842,987678.7993263159,2505.933415421579,-7.047489006825396
854341.2627842106,987730.9045894737,2730.105937076316,-7.078383800887748
854539.6838368422,987574.5888,2674.062806662632,-6.437238860450645
853944.4206789475,988147.7466947369,2393.8471545942107,-6.198512118801647
854242.0522578948,987783.0098526316,2365.8255893873684,-5.610971546785798
854440.4733105263,987730.9045894737,2730.105937076316,-7.3566857137807045
854936.5259421053,987991.4309052632,2674.062806662632,-9.063362641134848
854142.841731579,988199.8519578947,2449.890285007895,-7.148098722828528
855035.7364684211,987991.4309052632,2589.9981110421054,-8.900241081038091
855432.5785736842,988356.1677473685,2533.9549806284213,-8.92506969026641
854638.8943631579,988095.641431579,2702.0843718694737,-8.956261456048152
853944.4206789475,988043.536168421,2393.8471545942107,-6.448824797508019
854142.841731579,987939.3256421053,2421.868719801053,-6.453388670887845
854837.3154157895,988043.536168421,2618.0196762489477,-8.76350187721662
854043.6312052632,987783.0098526316,2421.868719801053,-6.244386518393544
854142.841731579,987991.4309052632,2421.868719801053,-6.673214100893166
854043.6312052632,988356.1677473685,2477.911850214737,-7.545390500717724
854539.6838368422,988356.1677473685,2618.0196762489477,-9.204406707858483
854242.0522578948,987730.9045894737,2337.8040241805265,-5.171901817069623
854142.841731579,988147.7466947369,2589.9981110421054,-7.945343219306409
854440.4733105263,988304.0624842106,2589.9981110421054,-8.901399288483487
853845.2101526316,988408.2730105263,2449.890285007895,-6.745310385916033
854638.8943631579,987887.2203789474,2646.0412414557895,-8.717054693773992
855333.3680473685,987678.7993263159,2561.976545835263,-7.006709246952038
853745.9996263159,988199.8519578947,2449.890285007895,-6.178414571394265
855333.3680473685,988460.3782736842,2589.9981110421054,-9.321809563645164
854638.8943631579,988147.7466947369,2421.868719801053,-6.843656599373211
854142.841731579,987626.6940631579,2561.976545835263,-6.007439703863962
854440.4733105263,987574.5888,2533.9549806284213,-6.001067983698599
853745.9996263159,987783.0098526316,2337.8040241805265,-4.980831517349044
854539.6838368422,987730.9045894737,2589.9981110421054,-7.62745521594451
854341.2627842106,988460.3782736842,2589.9981110421054,-8.777742815861595
854341.2627842106,987574.5888,2589.9981110421054,-6.139021402809098
853944.4206789475,988356.1677473685,2533.9549806284213,-7.095380757651744
854738.1048894738,988304.0624842106,2674.062806662632,-9.441487233890632
854440.4733105263,987835.1151157895,2730.105937076316,-7.645755638013837
853845.2101526316,987887.2203789474,2421.868719801053,-6.692544633503894
854341.2627842106,987574.5888,2561.976545835263,-5.941588966521732
854738.1048894738,987783.0098526316,2505.933415421579,-7.291041661024832
854638.8943631579,987991.4309052632,2589.9981110421054,-8.52215185167002
854738.1048894738,987939.3256421053,2533.9549806284213,-7.8000862758283676
854341.2627842106,988251.9572210526,2421.868719801053,-7.071419851849127
854837.3154157895,988564.5888,2533.9549806284213,-8.638907181100413
854043.6312052632,987783.0098526316,2477.911850214737,-6.617982970199277
854440.4733105263,988095.641431579,2505.933415421579,-7.643397806292785
854242.0522578948,988304.0624842106,2646.0412414557895,-8.710954396788091
853845.2101526316,988304.0624842106,2421.868719801053,-7.185394150483865
853845.2101526316,987991.4309052632,2421.868719801053,-6.9616032496608105
854142.841731579,987574.5888,2477.911850214737,-5.616940289200456
854638.8943631579,987626.6940631579,2393.8471545942107,-5.853022895885099
854142.841731579,987991.4309052632,2646.0412414557895,-7.687119444084313
855234.1575210526,987626.6940631579,2589.9981110421054,-6.221951616484811
854936.5259421053,988199.8519578947,2477.911850214737,-7.693669877284588
854043.6312052632,988043.536168421,2561.976545835263,-7.853148907773032
854738.1048894738,988199.8519578947,2646.0412414557895,-9.565559459481555
854440.4733105263,987678.7993263159,2730.105937076316,-7.067388879419525
853944.4206789475,988043.536168421,2533.9549806284213,-7.180122449794895
854738.1048894738,988199.8519578947,2477.911850214737,-7.660485952717604
854539.6838368422,988564.5888,2477.911850214737,-8.147131823296837
855035.7364684211,988251.9572210526,2702.0843718694737,-9.165192007568642
853646.7891,988199.8519578947,2337.8040241805265,-4.347017978248048
854837.3154157895,988095.641431579,2589.9981110421054,-8.837812336296755
854936.5259421053,988095.641431579,2589.9981110421054,-9.064011425039284
854341.2627842106,988356.1677473685,2449.890285007895,-7.418292123261384
855333.3680473685,988356.1677473685,2561.976545835263,-9.088408964426092
853944.4206789475,987678.7993263159,2393.8471545942107,-5.457465724809329
854043.6312052632,987939.3256421053,2477.911850214737,-7.09283184677723
854738.1048894738,987626.6940631579,2674.062806662632,-6.376957875591813
855134.9469947369,988147.7466947369,2646.0412414557895,-9.162454861196808
855035.7364684211,987730.9045894737,2561.976545835263,-7.743536966418546
855035.7364684211,988408.2730105263,2477.911850214737,-7.7778290530732965
854539.6838368422,988043.536168421,2449.890285007895,-7.132856527958668
854539.6838368422,987991.4309052632,2730.105937076316,-8.616542615189895
855035.7364684211,988043.536168421,2561.976545835263,-8.63216130345023
854440.4733105263,987678.7993263159,2421.868719801053,-6.16095287661786
855234.1575210526,988408.2730105263,2646.0412414557895,-8.980438701625006
854142.841731579,988251.9572210526,2449.890285007895,-7.502508025901601
854440.4733105263,987678.7993263159,2393.8471545942107,-6.0114446795158605
854440.4733105263,987887.2203789474,2730.105937076316,-7.82440789032145
854440.4733105263,988147.7466947369,2449.890285007895,-7.237675601824336
854341.2627842106,987887.2203789474,2561.976545835263,-7.66286807536814
855035.7364684211,988564.5888,2505.933415421579,-8.461119730294344
855234.1575210526,987887.2203789474,2618.0196762489477,-8.073374761355957
854242.0522578948,987783.0098526316,2589.9981110421054,-7.183582019780616
854043.6312052632,988147.7466947369,2477.911850214737,-7.171158282462685
853845.2101526316,987939.3256421053,2393.8471545942107,-6.164448804502436
855333.3680473685,988251.9572210526,2505.933415421579,-8.499179535190533
854936.5259421053,988304.0624842106,2561.976545835263,-9.14697951740026
854142.841731579,987783.0098526316,2646.0412414557895,-6.456371254301843
854142.841731579,987887.2203789474,2337.8040241805265,-5.467425350589117
854837.3154157895,987887.2203789474,2561.976545835263,-7.996627043028808
854341.2627842106,988512.4835368422,2589.9981110421054,-8.742238948503394
854738.1048894738,988356.1677473685,2449.890285007895,-7.45061213548444
854638.8943631579,987730.9045894737,2449.890285007895,-6.71890428116192
854638.8943631579,988356.1677473685,2618.0196762489477,-9.569259737412633
855333.3680473685,987991.4309052632,2533.9549806284213,-8.494162098549198
854043.6312052632,988304.0624842106,2421.868719801053,-6.980492042983375
854936.5259421053,988408.2730105263,2533.9549806284213,-8.802490758994637
854837.3154157895,987887.2203789474,2477.911850214737,-7.467221558725286
854043.6312052632,987835.1151157895,2505.933415421579,-6.540104178021178
853845.2101526316,987835.1151157895,2449.890285007895,-5.635100956924891
854539.6838368422,988408.2730105263,2646.0412414557895,-9.474188279481465
855134.9469947369,988356.1677473685,2561.976545835263,-9.109576503336212
853944.4206789475,987835.1151157895,2337.8040241805265,-5.075829813656072
854738.1048894738,987991.4309052632,2674.062806662632,-8.848323341199613
854539.6838368422,988199.8519578947,2702.0843718694737,-8.881932332720146
855333.3680473685,988147.7466947369,2589.9981110421054,-8.685846146895711
854638.8943631579,987783.0098526316,2674.062806662632,-8.245424136301436
854043.6312052632,987835.1151157895,2561.976545835263,-6.88458033831532
855035.7364684211,987939.3256421053,2505.933415421579,-7.806130086830358
855234.1575210526,988199.8519578947,2561.976545835263,-9.08370875501191
855134.9469947369,987574.5888,2561.976545835263,-6.1956419486794125
854738.1048894738,987939.3256421053,2589.9981110421054,-8.529208211575764
854738.1048894738,988095.641431579,2561.976545835263,-8.470551333489398
854539.6838368422,987991.4309052632,2533.9549806284213,-7.9265744628327885
853845.2101526316,987783.0098526316,2449.890285007895,-5.144400608586151
854837.3154157895,987678.7993263159,2674.062806662632,-6.454939364213571
855531.7891,987887.2203789474,2533.9549806284213,-7.820485555635434
853845.2101526316,988512.4835368422,2421.868719801053,-6.9228672209484765
854936.5259421053,988095.641431579,2730.105937076316,-8.900497332413174
854440.4733105263,988043.536168421,2421.868719801053,-6.669774461815278
854341.2627842106,987730.9045894737,2421.868719801053,-6.230833635880479
855134.9469947369,987939.3256421053,2646.0412414557895,-8.289092739003037
854242.0522578948,987678.7993263159,2449.890285007895,-6.338309802751524
854341.2627842106,987678.7993263159,2589.9981110421054,-6.927140085202265
855234.1575210526,988408.2730105263,2618.0196762489477,-9.629178923887435
854440.4733105263,988251.9572210526,2674.062806662632,-8.88964033503867
853845.2101526316,987835.1151157895,2337.8040241805265,-5.045064043288137
854837.3154157895,988512.4835368422,2589.9981110421054,-9.488681068016485
853944.4206789475,987678.7993263159,2449.890285007895,-5.9313813716312715
854936.5259421053,987991.4309052632,2561.976545835263,-8.440934955238191
854043.6312052632,987678.7993263159,2365.8255893873684,-5.285028692446428
855134.9469947369,988043.536168421,2561.976545835263,-8.654797431506688
854837.3154157895,988043.536168421,2730.105937076316,-8.767378863569595
854341.2627842106,987783.0098526316,2421.868719801053,-6.335714898152979
855234.1575210526,988043.536168421,2533.9549806284213,-8.58375426678504
854638.8943631579,987626.6940631579,2421.868719801053,-5.846531869487371
854638.8943631579,988043.536168421,2618.0196762489477,-8.920043303057827
855035.7364684211,988408.2730105263,2561.976545835263,-9.132605057589943
854539.6838368422,987991.4309052632,2702.0843718694737,-8.46466376557193
853845.2101526316,987730.9045894737,2309.7824589736842,-4.8016761583498875
854738.1048894738,988147.7466947369,2702.0843718694737,-9.10982933931382
854738.1048894738,987991.4309052632,2730.105937076316,-8.54765612768132
854440.4733105263,988043.536168421,2646.0412414557895,-8.196569182342778
854638.8943631579,987574.5888,2589.9981110421054,-6.7238500234570635
854638.8943631579,988147.7466947369,2674.062806662632,-9.010727116004725
853646.7891,987835.1151157895,2309.7824589736842,-4.258646760979411
855333.3680473685,987835.1151157895,2533.9549806284213,-7.866483399600111
853944.4206789475,987887.2203789474,2337.8040241805265,-5.397753597191519
854341.2627842106,987835.1151157895,2646.0412414557895,-8.078066376639008
853944.4206789475,987783.0098526316,2365.8255893873684,-5.486053224266121
854043.6312052632,988304.0624842106,2505.933415421579,-7.337669573608128
855333.3680473685,987939.3256421053,2589.9981110421054,-8.297918203843516
855134.9469947369,987626.6940631579,2449.890285007895,-6.465493573541132
854341.2627842106,988147.7466947369,2646.0412414557895,-8.469373104660804
855333.3680473685,987887.2203789474,2505.933415421579,-7.931024517051475
853845.2101526316,987678.7993263159,2309.7824589736842,-4.788161977645319
855134.9469947369,988304.0624842106,2674.062806662632,-9.250577122988476
854539.6838368422,988095.641431579,2449.890285007895,-7.241854161703844
854242.0522578948,988251.9572210526,2449.890285007895,-7.479885619323147
855035.7364684211,987678.7993263159,2449.890285007895,-6.965954900419931
854142.841731579,987730.9045894737,2365.8255893873684,-5.591518905358446
855432.5785736842,987730.9045894737,2505.933415421579,-7.309218766181545
854837.3154157895,988408.2730105263,2618.0196762489477,-9.900738980444693
854738.1048894738,988095.641431579,2730.105937076316,-8.833056036145997
854936.5259421053,987835.1151157895,2674.062806662632,-7.879383883463873
854440.4733105263,988564.5888,2505.933415421579,-8.105512140172749
854738.1048894738,988043.536168421,2449.890285007895,-7.097295184407463
855035.7364684211,988304.0624842106,2477.911850214737,-7.64599430283555
854638.8943631579,988512.4835368422,2561.976545835263,-8.81061446059034
854242.0522578948,987783.0098526316,2505.933415421579,-7.007496325728819
854638.8943631579,988304.0624842106,2702.0843718694737,-9.231050594224845
855333.3680473685,988199.8519578947,2618.0196762489477,-8.475510859106233
854837.3154157895,987939.3256421053,2449.890285007895,-7.1781941378587035
854242.0522578948,987835.1151157895,2449.890285007895,-7.028226024797784
854341.2627842106,987678.7993263159,2618.0196762489477,-7.089919991837775
855432.5785736842,988408.2730105263,2561.976545835263,-8.959294486861788
